Class,730nm,760nm,810nm,860nm,900nm,940nm,Sample No.,Brix (%)
Average,235.2640076,165.1004333,368.5871887,2455.738037,107.2800369,45.4216156,1,5.8
Average,221.4726715,156.6337433,346.3831482,2311.896973,126.6596527,49.37131882,2,4.2
Average,245.8103333,171.8737793,347.2713013,2354.817383,109.3564224,41.47190857,3,3.6
Bland,257.1679077,177.8004761,379.2451172,2474.29834,116.2777176,41.47190857,4,3.0
Bland,219.8501587,151.5537262,332.1725464,2170.375977,112.81707,44.43418884,5,2.6
Average,244.1878204,173.5671234,364.1463928,2297.977051,117.661972,49.37131882,6,3.4
Average,249.0553589,172.720459,384.5740967,2409.337646,118.3541031,48.38389206,7,4.4
Bland,252.3003693,176.9537964,376.580658,2343.217285,125.9675217,49.37131882,8,3.2
Bland,247.4328461,181.187149,386.3504333,2394.257568,108.6642914,46.40904236,9,2.0
Bland,248.2440948,171.8737793,366.8108521,2272.456787,118.3541031,45.4216156,10,3.0
Average,247.4328461,175.2604675,373.0279846,2259.696533,131.5045624,52.33359909,11,4.0
Bland,213.3601227,154.9404144,318.8501282,2088.015381,101.7430038,41.47190857,12,2.2
Bland,249.0553589,160.0204163,325.9554138,2108.895508,109.3564224,42.45933533,13,3.2
Average,263.657959,179.4938049,402.3373413,2629.739502,110.7406845,51.34617233,14,6.4
Average,254.7341309,176.107132,394.3438721,2445.298096,115.5855865,45.4216156,15,6.0
Average,172.7973633,127.8470001,299.3105469,2362.9375,104.5115204,37.52220154,16,5.6
Average,271.7705078,188.8071594,400.5610046,2431.37793,122.5068817,53.32102585,17,6.6
Average,247.4328461,176.9537964,376.580658,2302.616943,112.124939,48.38389206,18,6.2
Average,247.4328461,165.9470978,339.277832,2164.575928,105.2036438,43.44676208,19,6.4
Average,252.3003693,176.9537964,367.6990356,2307.25708,121.1226196,53.32102585,20,7.0
Average,209.3038483,144.7803802,311.744812,1894.293945,99.66661072,43.44676208,21,7.0
Average,245.8103333,172.720459,354.3765869,2140.21582,106.5879059,44.43418884,22,6.8
Average,247.4328461,179.4938049,375.6924744,2328.137207,114.8934555,48.38389206,23,7.0
Average,232.830246,168.4871063,361.4819031,2264.33667,114.8934555,48.38389206,24,7.2
Average,269.336731,188.8071594,401.4491882,2415.137695,119.7383575,47.39646912,25,7.8
Average,249.8666077,181.187149,365.0345459,2206.336182,116.969841,50.35874557,26,6.8
Average,291.2406311,206.587204,430.7585144,2536.938721,117.661972,46.40904236,27,8.0
Average,249.8666077,173.5671234,349.935791,2208.65625,107.2800369,45.4216156,28,7.8
Average,245.8103333,174.4137878,349.935791,2202.856201,105.2036438,47.39646912,29,6.6
Average,223.0951843,152.4004059,330.3962402,2041.61499,105.8957748,44.43418884,30,7.0
Average,288.8068542,206.587204,412.1071167,2684.259766,129.4281769,54.30845261,31,7.2
Bland,261.2241821,182.0338135,367.6990356,2401.217773,108.6642914,44.43418884,32,3.0
Average,242.5653076,171.0271149,384.5740967,2513.738525,107.2800369,36.53477859,33,6.2
Average,176.8536377,122.7669907,298.4223938,2371.057373,108.6642914,36.53477859,34,3.4
Average,187.3999481,138.0070343,322.402771,2296.816895,111.4328079,38.5096283,35,3.6
Average,169.5523376,127.0003357,292.2052612,2157.615967,105.2036438,39.49705505,36,4.0
Average,195.5125122,143.0870514,341.9423218,2629.739502,119.0462341,35.54735184,37,4.0
Average,163.0623016,121.9203186,277.9946594,1955.774414,89.97680664,33.57249832,38,3.6
Average,209.3038483,162.5604248,391.6793823,2916.261475,117.661972,41.47190857,39,4.6
Average,183.3436737,140.5470428,321.5146179,2567.098877,116.2777176,38.5096283,40,4.0
Average,180.0986633,134.6203613,319.7382813,2207.496338,113.509201,40.48448181,41,3.4
Average,188.2112122,139.7003632,311.744812,2335.097168,113.509201,36.53477859,42,3.6
Average,189.833725,137.1603546,321.5146179,2434.85791,121.1226196,39.49705505,43,4.2
Average,184.9661865,138.8536987,303.7513733,2255.056641,120.4304886,38.5096283,44,4.0
Average,176.8536377,127.0003357,306.415863,2265.496582,121.8147507,39.49705505,45,4.8
Average,193.8899994,143.9337158,346.3831482,2415.137695,116.2777176,38.5096283,46,4.0
Average,171.1748505,121.9203186,283.3236389,2381.497559,109.3564224,32.58507156,47,4.2
Average,193.8899994,144.7803802,351.7120972,2616.979248,117.661972,37.52220154,48,3.8
Bland,176.8536377,129.5403442,301.0868835,2237.656494,85.13189697,36.53477859,49,2.0
Bland,174.4198761,124.4603271,292.2052612,2168.055908,97.59022522,35.54735184,50,2.4
Bland,180.0986633,130.3870087,301.0868835,2053.215088,114.8934555,43.44676208,51,3.0
Bland,172.7973633,125.3069992,283.3236389,2053.215088,96.20596313,35.54735184,52,2.6
Average,204.4363098,149.0137329,365.0345459,2585.658936,128.7360382,44.43418884,53,5.2
Average,178.4761505,127.8470001,300.1987305,2243.456543,105.8957748,37.52220154,54,4.0
Average,167.9298248,124.4603271,282.4354858,1960.414429,102.4351273,39.49705505,55,4.2
Bland,167.9298248,122.7669907,289.5407715,2035.815063,103.1272583,39.49705505,56,3.2
Average,159.0060272,115.1469727,264.6722412,1858.33374,107.9721603,39.49705505,57,4.8
Average,159.0060272,114.3003006,273.5538635,1905.894043,103.1272583,36.53477859,58,5.6
Average,191.4562378,142.2403717,324.1791077,2330.457275,118.3541031,39.49705505,59,5.0
Average,195.5125122,143.0870514,328.6199036,2459.218018,101.0508728,35.54735184,60,4.2
Bland,207.6813354,151.5537262,306.415863,1968.534546,88.59254456,43.44676208,61,1.0
Bland,241.7540588,163.4071045,348.1594543,2143.695801,107.2800369,46.40904236,62,3.2
Bland,249.8666077,165.9470978,341.0541687,2190.096191,112.124939,44.43418884,63,3.0
Average,252.3003693,175.2604675,349.935791,2184.296143,114.2013245,47.39646912,64,3.6
Bland,254.7341309,178.6471405,357.0410767,2301.457031,108.6642914,42.45933533,65,3.2
Average,246.621582,170.1804504,341.0541687,2183.135986,103.8193893,42.45933533,66,4.0
Average,231.2077332,156.6337433,325.9554138,2019.574829,118.3541031,49.37131882,67,4.2
Bland,254.7341309,181.187149,371.2516785,2235.336426,105.8957748,42.45933533,68,3.0
Average,257.1679077,178.6471405,357.9292297,2242.296631,119.0462341,47.39646912,69,3.6
Average,238.5090332,165.9470978,339.277832,2137.895752,105.8957748,45.4216156,70,4.0
Average,245.8103333,167.6404419,365.0345459,2210.976318,116.969841,48.38389206,71,3.8
Average,236.8865204,161.7137604,335.7251892,2046.255127,109.3564224,47.39646912,72,3.6
Average,259.6016846,176.9537964,389.9030762,2452.258057,103.1272583,42.45933533,73,4.2
Average,283.1280823,201.5072021,415.6597595,2583.339111,116.2777176,48.38389206,74,8.0
Average,255.5453949,179.4938049,376.580658,2489.378418,110.7406845,47.39646912,75,8.0
Average,263.657959,180.3404694,382.7977905,2242.296631,121.8147507,52.33359909,76,7.2
Average,236.8865204,160.8670959,337.5015259,2089.175293,109.3564224,44.43418884,77,8.0
Sweet,253.1116333,169.333786,355.2647705,2128.615723,119.7383575,48.38389206,78,9.0
Sweet,257.1679077,177.8004761,354.3765869,2292.177002,107.9721603,42.45933533,79,9.0
Sweet,248.2440948,172.720459,352.6002808,2324.657227,113.509201,47.39646912,80,9.2
Sweet,253.1116333,173.5671234,352.6002808,2229.536377,114.8934555,49.37131882,81,8.6
Sweet,268.5254822,191.347168,394.3438721,2677.299805,128.0439148,47.39646912,82,8.4
Sweet,250.6778564,174.4137878,373.0279846,2231.856445,123.8911362,52.33359909,83,8.8
Sweet,272.5817566,191.347168,373.0279846,2384.977539,113.509201,45.4216156,84,9.2
Sweet,232.830246,164.2537689,333.9488831,1930.254272,114.2013245,46.40904236,85,10.0
Sweet,250.6778564,176.107132,355.2647705,2316.537109,107.9721603,47.39646912,86,8.8
Sweet,273.3930054,183.7271576,355.2647705,2151.815918,123.1990051,48.38389206,87,8.4
Sweet,271.7705078,187.960495,388.1267395,2195.89624,118.3541031,48.38389206,88,8.4
Average,251.4891205,172.720459,353.4884338,2158.775879,112.124939,49.37131882,89,8.0
Average,261.2241821,176.107132,341.0541687,2214.456299,112.81707,42.45933533,90,7.4
Sweet,257.1679077,173.5671234,353.4884338,2347.857422,111.4328079,45.4216156,91,9.4
Sweet,250.6778564,178.6471405,351.7120972,2345.537354,99.66661072,39.49705505,92,10.0
Sweet,226.34021,157.4804077,311.744812,2462.698242,113.509201,42.45933533,93,8.8
Sweet,267.7142334,178.6471405,365.922699,2320.01709,115.5855865,46.40904236,94,9.8
Average,309.8995056,204.0472107,418.3242493,2898.861328,131.5045624,48.38389206,95,7.6
Average,184.9661865,132.0803528,283.3236389,2351.337402,98.28235626,34.55992508,96,4.2
Average,216.6051483,155.7870789,352.6002808,2524.178711,102.4351273,37.52220154,97,5.6
Average,222.2839355,154.9404144,365.0345459,2593.779053,118.3541031,42.45933533,98,6.8
Average,163.8735504,121.9203186,276.2183533,2113.535645,96.89809418,37.52220154,99,6.6
Average,223.9064331,162.5604248,373.0279846,2604.219238,110.0485535,36.53477859,100,8.0
Sweet,210.9263611,154.9404144,365.0345459,2542.73877,111.4328079,41.47190857,101,8.4
Sweet,155.7610016,114.3003006,256.6788025,2177.335938,101.7430038,37.52220154,102,8.4
Average,181.7211761,127.8470001,304.6395264,2210.976318,114.2013245,36.53477859,103,8.0
Average,214.1713715,150.7070618,360.5937195,2532.298584,114.2013245,40.48448181,104,7.8
Average,205.2475739,147.3203888,327.7317505,2330.457275,105.2036438,39.49705505,105,7.2
Average,202.0025482,145.6270447,321.5146179,2378.017578,102.4351273,36.53477859,106,7.6
Bland,184.9661865,132.9270172,315.2974854,2187.776123,99.66661072,42.45933533,107,2.4
Average,173.6086121,126.1536636,282.4354858,1992.894653,93.43744659,38.5096283,108,6.6
Average,213.3601227,154.9404144,352.6002808,2619.299316,102.4351273,39.49705505,109,8.0
Sweet,205.2475739,149.0137329,339.277832,2360.617432,112.124939,41.47190857,110,8.8
Sweet,211.7376099,151.5537262,341.0541687,2546.21875,119.7383575,39.49705505,111,8.6
Sweet,175.2311249,127.0003357,275.3302002,1847.893677,96.20596313,36.53477859,112,9.0
Sweet,180.9099121,131.2336731,309.0803528,2056.695068,107.9721603,37.52220154,113,9.8
Sweet,223.0951843,157.4804077,348.1594543,2433.697998,117.661972,38.5096283,114,8.6
Sweet,201.1912994,146.4737244,321.5146179,2140.21582,112.81707,41.47190857,115,8.6
Sweet,200.3800354,143.0870514,317.0737915,2185.456055,109.3564224,41.47190857,116,8.2
Sweet,220.6614227,155.7870789,349.0476379,2234.176514,121.1226196,43.44676208,117,8.8
Average,176.8536377,132.0803528,310.8566589,2238.816406,113.509201,44.43418884,118,7.8
Average,233.64151,174.4137878,389.0149231,2669.179688,119.7383575,41.47190857,119,7.8
Average,202.813797,145.6270447,325.0672607,2156.455811,100.3587418,37.52220154,120,7.4
Average,220.6614227,155.7870789,348.1594543,2516.058594,121.1226196,43.44676208,121,7.8
Average,229.5852203,160.8670959,347.2713013,2149.49585,95.51383972,46.40904236,122,3.6
Average,252.3003693,178.6471405,366.8108521,2313.057129,109.3564224,36.53477859,123,6.8
Sweet,266.9029541,178.6471405,412.1071167,2574.059082,116.2777176,42.45933533,124,8.2
Average,227.9627228,154.0937347,325.9554138,1927.934204,116.2777176,50.35874557,125,6.4
Average,257.9791565,183.7271576,374.8043213,2372.217529,128.0439148,51.34617233,126,7.0
Average,253.1116333,167.6404419,339.277832,2185.456055,107.9721603,36.53477859,127,7.2
Average,281.5055542,198.1205292,412.1071167,2756.18042,121.8147507,46.40904236,128,6.6
Average,242.5653076,169.333786,353.4884338,2178.496094,110.0485535,44.43418884,129,7.4
Sweet,225.5289459,160.0204163,318.8501282,1916.334106,105.2036438,38.5096283,130,8.8
Average,236.0752716,168.4871063,360.5937195,2184.296143,114.2013245,46.40904236,131,7.6
Average,243.3765717,170.1804504,362.3700562,2171.535889,109.3564224,47.39646912,132,8.0
Sweet,229.5852203,163.4071045,347.2713013,2195.89624,104.5115204,46.40904236,133,8.6
Sweet,250.6778564,171.0271149,355.2647705,2324.657227,110.0485535,45.4216156,134,8.6
Sweet,276.638031,189.6538391,380.1333008,2420.937744,114.2013245,44.43418884,135,8.2
Average,302.5982056,203.200531,406.7781372,2814.180664,123.8911362,45.4216156,136,6.6
Average,249.8666077,170.1804504,349.935791,2277.09668,114.8934555,44.43418884,137,7.6
Average,237.6977844,167.6404419,353.4884338,2127.455566,112.124939,43.44676208,138,7.4
Average,244.1878204,172.720459,356.1529236,2264.33667,121.1226196,50.35874557,139,7.0
Average,227.1514587,164.2537689,342.8305054,2615.819336,119.0462341,37.52220154,140,7.8
Average,253.9228821,180.3404694,358.8174133,2241.136475,112.81707,43.44676208,141,7.4
Average,146.8371887,113.4536362,293.0934143,2265.496582,96.89809418,32.58507156,142,5.0
Average,146.0259399,114.3003006,323.2909241,2391.937744,100.3587418,35.54735184,143,7.2
Sweet,142.7809143,112.6069641,277.1065063,2168.055908,107.2800369,31.59764481,144,8.8
Average,114.3869858,90.59357452,251.349823,1977.814575,98.28235626,27.64793968,145,8.0
Sweet,116.820755,96.52025604,263.7840881,2206.336182,104.5115204,29.62279129,146,8.4
Sweet,152.515976,111.7602921,278.882843,2316.537109,110.0485535,32.58507156,147,8.2
Sweet,134.6683655,104.140274,269.1130676,1968.534546,103.8193893,30.61021805,148,9.6
Sweet,163.0623016,123.6136627,288.6526184,2132.095703,114.8934555,34.55992508,149,8.4
Sweet,176.8536377,132.9270172,319.7382813,2339.737305,124.5832672,35.54735184,150,9.0
Sweet,169.5523376,130.3870087,334.8370361,2449.937988,123.8911362,38.5096283,151,8.4
Average,180.0986633,132.9270172,309.0803528,2409.337646,137.7337189,43.44676208,152,6.8
Average,164.6848145,123.6136627,291.3171082,2156.455811,117.661972,35.54735184,153,8.0
Sweet,165.4960632,121.0736542,286.8762817,2216.776367,115.5855865,33.57249832,154,8.6
Sweet,166.307312,121.0736542,287.7644653,2100.775391,119.0462341,37.52220154,155,9.4
Sweet,171.1748505,127.8470001,301.0868835,2212.13623,110.0485535,32.58507156,156,9.0
Sweet,159.817276,118.5336456,302.8632202,2193.576172,110.0485535,35.54735184,157,9.0
Sweet,157.3835144,114.3003006,287.7644653,1889.653931,122.5068817,39.49705505,158,8.8
Sweet,172.7973633,124.4603271,299.3105469,2190.096191,120.4304886,37.52220154,159,9.0
Sweet,154.9497528,112.6069641,272.6657104,1977.814575,114.2013245,38.5096283,160,9.0
Sweet,180.0986633,131.2336731,314.4093018,2418.61792,112.81707,37.52220154,161,9.2
Average,159.817276,120.2269821,319.7382813,2531.138672,97.59022522,35.54735184,162,6.6
Average,140.3471527,107.526947,270.8893738,2162.255859,103.1272583,35.54735184,163,7.0
Sweet,123.310791,95.67358398,233.5865784,1973.174561,89.97680664,28.63536644,164,8.2
Average,159.817276,119.3803177,293.9815979,2390.777588,113.509201,36.53477859,165,7.8
Average,129.8008423,107.526947,268.224884,2035.815063,110.7406845,34.55992508,166,7.4
Average,145.2146912,104.9869461,290.4289551,2684.259766,105.2036438,30.61021805,167,5.0
Average,140.3471527,109.2202911,284.2118225,2416.297852,94.82170868,31.59764481,168,3.8
Bland,143.5921783,110.9136276,268.224884,2384.977539,107.2800369,28.63536644,169,2.8
Average,107.0856857,78.74020386,219.3759918,2076.415283,96.89809418,27.64793968,170,4.8
Average,141.1584015,106.6802826,263.7840881,2082.215332,108.6642914,34.55992508,171,4.0
Average,105.4631805,92.28691101,262.8959351,2083.375244,105.2036438,32.58507156,172,4.6
Average,159.817276,122.7669907,325.9554138,2533.45874,109.3564224,31.59764481,173,4.0
Average,122.4995346,102.4469376,278.882843,2441.818115,106.5879059,28.63536644,174,3.8
Average,100.5956497,93.9802475,274.4420166,2545.058838,122.5068817,34.55992508,175,4.0
Average,132.2346039,96.52025604,254.0142975,2266.656738,98.97447968,24.68565941,176,3.4
Average,145.2146912,111.7602921,279.7709961,2342.057373,115.5855865,31.59764481,177,4.6
Average,153.32724,111.7602921,281.5473328,2258.536621,115.5855865,34.55992508,178,4.2
Average,152.515976,110.0669556,285.9881287,2358.297363,112.81707,33.57249832,179,4.2
Average,133.8571167,106.6802826,290.4289551,2498.658447,119.7383575,35.54735184,180,4.4
Average,111.1419678,82.12688446,210.4943695,1840.933594,96.89809418,25.67308617,181,4.4
Sweet,264.4692078,191.347168,398.7846985,2503.29834,108.6642914,41.47190857,182,11.6
Sweet,289.618103,193.8871765,419.2124023,2525.338623,129.4281769,53.32102585,183,11.0
Average,249.8666077,177.8004761,374.8043213,2241.136475,117.661972,52.33359909,184,4.6
Average,260.4129333,183.7271576,381.9096069,2352.497314,119.0462341,54.30845261,185,4.0
Sweet,230.3964844,159.1737518,299.3105469,1941.85437,107.9721603,45.4216156,186,9.8
Sweet,294.4856567,196.4271851,410.3308105,2657.57959,123.8911362,52.33359909,187,8.6
Sweet,302.5982056,215.053894,443.1927795,2722.540039,119.7383575,51.34617233,188,11.6
Average,309.0882263,209.1272125,422.7650757,2557.818848,132.8888245,54.30845261,189,7.0
Sweet,250.6778564,171.0271149,360.5937195,2382.657471,121.1226196,47.39646912,190,9.0
Average,264.4692078,184.573822,386.3504333,2301.457031,122.5068817,57.27073288,191,7.2
Average,242.5653076,166.7937775,354.3765869,1956.934448,130.8124237,59.24558258,192,4.6
Average,281.5055542,193.0405121,391.6793823,2649.459473,125.2753983,54.30845261,193,6.0
Sweet,240.131546,185.4204865,403.2254944,2978.901855,116.2777176,52.33359909,194,9.6
Average,234.4527588,161.7137604,344.6068115,2121.655518,120.4304886,43.44676208,195,5.8
Sweet,279.8830566,194.7338409,393.455719,2310.737061,137.7337189,57.27073288,196,9.4
Average,268.5254822,177.8004761,377.468811,2264.33667,119.7383575,46.40904236,197,8.0
Average,270.9592285,188.8071594,381.0214539,2520.698486,117.661972,46.40904236,198,7.0
Average,272.5817566,188.8071594,394.3438721,2528.818604,116.2777176,48.38389206,199,6.2
Average,228.7739716,157.4804077,353.4884338,2407.017822,107.2800369,48.38389206,200,6.8
