Class,730nm,760nm,810nm,860nm,900nm,940nm,Brix (%),Sample No.
Not Sweet,-0.3299102422167537,-0.41917109916675904,-0.19868098399745174,2.023672555917998,-0.5065835858166823,-0.5693639496167977,6.4,1
Sweet,-0.3290007527862154,-0.41844109960591636,-0.2052350611128753,2.0241371686207774,-0.49885893333419995,-0.5715598955149691,8.0,2
Not Sweet,-0.32682519368261237,-0.4203187452108358,-0.1945928033036812,2.0234156574745046,-0.5010619862936466,-0.5752258521808421,7.2,3
Sweet,-0.32872152588573783,-0.4206706100105172,-0.2014507657382359,2.023862693970914,-0.4992587161871178,-0.5730319369415037,8.6,4
Sweet,-0.3314860981769675,-0.41817949177908076,-0.20601472512279378,2.024563113499334,-0.4976076878924375,-0.5721253372556061,8.2,5
Sweet,-0.32682649973827504,-0.42044624042917744,-0.1967778434407387,2.023025315910269,-0.5013338691533855,-0.5786100797320499,8.2,6
Not Sweet,-0.32803285104432434,-0.4209643158313754,-0.19608396033726067,2.023718871728284,-0.5030581543618042,-0.5718358599937131,5.6,7
Not Sweet,-0.3282963498533474,-0.42104294375706236,-0.19923038029394097,2.023599662744415,-0.5022270694106997,-0.5731813357815299,7.0,8
Not Sweet,-0.32848955906208255,-0.4208169649419488,-0.20100416784175557,2.0234307593210588,-0.5007656104864436,-0.5756927866944906,7.6,9
Sweet,-0.3228697599543118,-0.42030697646118775,-0.2006269356829692,2.0229828422361136,-0.5023493253403968,-0.5807685929995196,8.0,10
Sweet,-0.32880092513743153,-0.4209548937389711,-0.2020785467367698,2.024447675141838,-0.4950344446427224,-0.5742278931202205,8.2,11
Sweet,-0.33791680312954564,-0.4231424178785438,-0.22271159680190872,2.02784601172729,-0.4857569297367466,-0.5523518742209029,8.6,12
Sweet,-0.3326112287061227,-0.4217197004317404,-0.20698894598661252,2.0248869189858407,-0.4945849491664888,-0.566557913343909,9.4,13
Sweet,-0.33165685605459483,-0.42197091963699573,-0.21205960856538186,2.025298070719094,-0.4937634209464753,-0.5670707497642251,8.0,14
Sweet,-0.32950031020822285,-0.4236248303433023,-0.202020421653579,2.0252706144983827,-0.49254926236451374,-0.5700555035697102,8.8,15
Sweet,-0.3364053403180883,-0.42220133809780463,-0.19841126747027696,2.0238888137507445,-0.499366610241033,-0.5684094492249587,8.6,16
Sweet,-0.3333059704210761,-0.42137768601210246,-0.19920325582629814,2.0245634670125217,-0.4958756627459263,-0.5697469491718037,9.2,17
Sweet,-0.3324658938285516,-0.42168073826524377,-0.19759914847154175,2.023512093569704,-0.49720643534036557,-0.5756274123243047,9.4,18
Sweet,-0.324505211748938,-0.4201003892033296,-0.19834858318257909,2.0232789245638174,-0.5017049811580435,-0.5778224592240836,9.2,19
Sweet,-0.3313674842754315,-0.42286991402280405,-0.20458724650027316,2.024480870449817,-0.4948167112179662,-0.5723516214202375,9.6,20
Sweet,-0.3341922644698846,-0.42296948422827846,-0.20753457816688206,2.0256940594616575,-0.48825396868682674,-0.5648005663991711,9.6,21
Sweet,-0.33289869872837863,-0.4223506791553752,-0.19973718888366107,2.0244411936477915,-0.4946296487677669,-0.5729134208228002,8.2,22
Sweet,-0.33328478297360636,-0.42240707809081723,-0.19491766111596637,2.023960588762183,-0.4969058122870954,-0.5711413543161197,8.2,23
Sweet,-0.34239916653281843,-0.42072564286901964,-0.2216770202752606,2.027576019316734,-0.478812379717541,-0.5610674004591514,10.0,24
Sweet,-0.3306275420573924,-0.4223018038733646,-0.20411249918438124,2.0244565279176623,-0.4938530364139788,-0.5718474810537142,8.8,25
Not Sweet,-0.32766228562204863,-0.42480150165287783,-0.19057236122876647,2.022949607202502,-0.49797923215135365,-0.5761368684743053,6.6,26
Sweet,-0.3288662107390441,-0.425335934987925,-0.19481521143440372,2.0227382735245505,-0.49770177156410744,-0.5764115181929124,8.2,27
Sweet,-0.3336015711398565,-0.42454378861705944,-0.1966682257656633,2.0235870587974785,-0.49476745911276443,-0.5751809058760757,8.2,28
Sweet,-0.335006108023606,-0.42274851544183456,-0.2084338512550424,2.0254044891637477,-0.49056066806373866,-0.5661785827437564,9.6,29
Not Sweet,-0.3394511097555016,-0.42161299432302046,-0.20521320443116603,2.025545605816273,-0.49636386096176777,-0.5626462163260816,7.0,30
Not Sweet,-0.33735346138680244,-0.42080979894808324,-0.2176710084636035,2.0262089014195563,-0.48816384942720314,-0.5624936637653057,6.6,31
Not Sweet,-0.3267372778106397,-0.42195983414974886,-0.2005123378085033,2.0240352478265455,-0.49473207387430207,-0.5741582067595268,7.0,32
Not Sweet,-0.33069591085410727,-0.42413853528492956,-0.2049395933231216,2.0247180449082776,-0.49239112866339774,-0.5749677677656244,7.8,33
Sweet,-0.33611624835076515,-0.4198862443303344,-0.20936889446594256,2.0262159097756705,-0.48304908132458385,-0.5646491404624016,9.0,34
Sweet,-0.33498010981897086,-0.42176059649887643,-0.22553366649624768,2.0265668691784886,-0.48069227158652567,-0.5664039872716615,8.2,35
Not Sweet,-0.3284560300653123,-0.42139246293087174,-0.19902484140580184,2.0236954826265174,-0.49866761842991386,-0.5738643808536414,7.2,36
Not Sweet,-0.3285012724706685,-0.425280373748663,-0.1868307192531395,2.022837068532768,-0.49859154835243036,-0.5791138900890294,7.4,37
Sweet,-0.33820983600495375,-0.42142159029329407,-0.22477447611385762,2.0268089072083098,-0.4830639168586985,-0.5608950852052021,9.0,38
Not Sweet,-0.33241542625114373,-0.4240280724465593,-0.19892476710314988,2.023885924897483,-0.49538689413829984,-0.5729923170474184,6.0,39
Not Sweet,-0.3305367511921058,-0.42460982120163193,-0.20285068249813493,2.0245140113251967,-0.4947812203865261,-0.5724685698402768,7.4,40
Sweet,-0.3319536862096243,-0.4222831135064627,-0.2145623741663383,2.025614479824998,-0.49008992168998883,-0.5668729417078491,8.0,41
Sweet,-0.3334721000861689,-0.42373504048585187,-0.2082435074134992,2.025392946523617,-0.48928297107904806,-0.5667755246568946,8.6,42
Not Sweet,-0.3327613685904476,-0.42412513166323057,-0.20945822757010837,2.02577009367301,-0.49248233785397466,-0.5669672007710984,7.0,43
Not Sweet,-0.331184846400619,-0.42206316542885836,-0.20779878771248256,2.024879726419253,-0.496736604946434,-0.5677108719091601,6.2,44
Sweet,-0.33175232489664547,-0.4211505313147251,-0.20339864370509,2.024626988255801,-0.4951672157802101,-0.5729031798011187,8.0,45
Not Sweet,-0.33273814691790016,-0.4176887097507206,-0.21804298881633372,2.0263055657707794,-0.4885405673729042,-0.5646314715733285,6.8,46
Sweet,-0.3333345076710448,-0.42278618284011965,-0.20495042899368315,2.0244282417461132,-0.4963964797272772,-0.5657412720065821,8.6,47
Sweet,-0.3327274832577591,-0.4213643584902715,-0.2059106487374633,2.0248051298969547,-0.49397019266005676,-0.5696258464020584,8.0,48
Sweet,-0.33321241508696753,-0.42188209901684287,-0.20628596730986398,2.02453014790519,-0.49137666249931655,-0.5717836742087663,8.8,49
Sweet,-0.3295667182052208,-0.4237425236343583,-0.20301134336331325,2.0240301868435346,-0.4950543703279265,-0.5730497090050441,8.0,50
Not Sweet,-0.3416403872110392,-0.42121732845591103,-0.21429048058663905,2.025937438676873,-0.4838367382589524,-0.5676082419315452,7.0,51
Not Sweet,-0.33421963622115314,-0.42425131889341194,-0.20659078195649852,2.0250272368224733,-0.4877757639491286,-0.5721318521191359,7.6,52
Not Sweet,-0.33184524019111994,-0.4213683864718034,-0.20321477666979823,2.024170316487781,-0.4933590500620343,-0.5748701464987384,5.8,53
Not Sweet,-0.33039139108162086,-0.4238294687924765,-0.2056075764800392,2.024520602496438,-0.48977556779234765,-0.5755295632571211,6.2,54
Not Sweet,-0.33473965543808115,-0.4226068181493633,-0.22437169395815568,2.025899708286231,-0.48140873511415877,-0.5674997396975705,6.0,55
Not Sweet,-0.32916934113643626,-0.4243881702069443,-0.2038186986882781,2.02446981678382,-0.48739074871324917,-0.5746366007667506,7.4,56
Sweet,-0.32884033823625514,-0.42098625640256054,-0.20967289529251626,2.025135513529405,-0.4930451913166524,-0.5677749778652255,8.0,57
Not Sweet,-0.3304748639882555,-0.4235696586830364,-0.19773706492825752,2.023534565333967,-0.4975330476562544,-0.5719909624167365,6.6,58
Not Sweet,-0.33532783366077146,-0.4227944123517646,-0.21272276010766408,2.0262002595583306,-0.4873468911724233,-0.5669267283319357,6.0,59
Not Sweet,-0.3331642703249352,-0.423703855559874,-0.1956745552867496,2.0235394640250512,-0.49591286253644834,-0.5750319070453725,6.0,60
Not Sweet,-0.33234328647445704,-0.4229249705854305,-0.21479929195438055,2.0253600945300922,-0.48971742321609085,-0.5700420424738368,6.0,61
Not Sweet,-0.3442264262465552,-0.42342050285413413,-0.2246861505466816,2.028474166571316,-0.47641517928503535,-0.5567149862336083,6.0,62
Not Sweet,-0.33241165079526885,-0.42150532519896633,-0.2120725997762414,2.025295752343183,-0.48868145635465615,-0.57042417251983,6.8,63
Not Sweet,-0.33406289036282144,-0.42221832583929914,-0.21803500253157046,2.026402013469031,-0.4837882816326743,-0.5671920709664088,6.0,64
Not Sweet,-0.328266657355134,-0.4253149858210114,-0.18934539240546522,2.0225667382117267,-0.49888561380053564,-0.5794146623410845,6.2,65
Sweet,-0.3402864091915625,-0.42311923905327525,-0.20426757346465554,2.0255172209466488,-0.4968173095767864,-0.559662281372395,8.0,66
Sweet,-0.3368660757930495,-0.4240765185296888,-0.20510917102821435,2.0254895314512122,-0.49728643026354774,-0.5625657044200721,9.6,67
Not Sweet,-0.3419447023746701,-0.4240577262443403,-0.20567439493191608,2.025671346395437,-0.4923685070862158,-0.5588887538578955,5.6,68
Not Sweet,-0.3460707621340761,-0.42414266493805924,-0.20584817315048165,2.026001398989188,-0.48807180784037146,-0.5631500876648268,6.8,69
Not Sweet,-0.34433911271533435,-0.42467417036571004,-0.20623791817520468,2.025732130346035,-0.49197422685764153,-0.560268660297021,6.4,70
Sweet,-0.3402669805551975,-0.423326487182198,-0.2096290092770236,2.026035557358196,-0.4904486525115034,-0.5611298296360929,8.0,71
Not Sweet,-0.3441722335928328,-0.4241954433849263,-0.19740692498354132,2.025310307749673,-0.49107675266986395,-0.5632633716834083,7.0,72
Sweet,-0.3412641359307268,-0.4244301337360074,-0.20414757459915484,2.0253166785314867,-0.49140873103931226,-0.5641957894760954,8.4,73
Not Sweet,-0.3411983355549803,-0.42547574141104116,-0.2154830370364938,2.0270636700070432,-0.48645367333322664,-0.5559208988117208,7.8,74
Not Sweet,-0.3424902747480481,-0.42511166567309894,-0.21517374704024728,2.027686169845432,-0.48218990345518487,-0.5584696159629403,7.0,75
Not Sweet,-0.32947971392494113,-0.42330498813553563,-0.1953346817961854,2.023245727646048,-0.5008129560335433,-0.5701961598705765,7.8,76
Not Sweet,-0.3353207269182303,-0.42368456283440137,-0.19547323164387326,2.023879764670871,-0.49633411191140975,-0.5701880781835343,6.0,77
Not Sweet,-0.3338694548515111,-0.42642591558083554,-0.20206079153288647,2.0242353416542613,-0.49108557272995657,-0.5720179469991339,7.4,78
Not Sweet,-0.3369833816870578,-0.42592346225638,-0.20887025495241918,2.025522527541252,-0.48573602926920256,-0.5680738554445708,6.4,79
Not Sweet,-0.33468045768686483,-0.4263863988844346,-0.19405968173389618,2.0233233739353564,-0.49403605372083215,-0.572422238556924,6.8,80
Not Sweet,-0.33034270147163103,-0.4260261469325506,-0.20065772124068487,2.0237888086074216,-0.4925856443156495,-0.5755660738889272,7.0,81
Not Sweet,-0.33663768585389475,-0.4240273989513537,-0.20350729413412133,2.02451328170811,-0.4856555255117019,-0.5728647095933749,7.4,82
Not Sweet,-0.3359155992985644,-0.4231919781874327,-0.2085839254933921,2.0256526039278384,-0.489702096023281,-0.5661952675703927,7.8,83
Not Sweet,-0.35576514288297134,-0.4244517157381139,-0.21139029198677678,2.026847750414506,-0.4726181744408966,-0.5582610653553428,7.2,84
Not Sweet,-0.3346309270284261,-0.42630165311028567,-0.19848739736242116,2.02397751241496,-0.49146208290940546,-0.5724152296796619,5.6,85
Not Sweet,-0.33628922169062486,-0.4254662588705005,-0.2158631321814467,2.0261356025329773,-0.4824738698332192,-0.5660441384068646,7.0,86
Not Sweet,-0.33693760532325745,-0.4263639890240305,-0.20333790112404707,2.024797705618622,-0.49228464964908436,-0.5714013365771129,5.8,87
Sweet,-0.33580529903006,-0.4239083529246993,-0.20642645500682977,2.025426635001928,-0.4871201858621821,-0.5670949947273307,9.0,88
Sweet,-0.33477277195916166,-0.4225042003137126,-0.21094978190737979,2.0259060346425297,-0.48473953932812036,-0.5680166555478915,9.4,89
Not Sweet,-0.33294922042451913,-0.4225830610069625,-0.20463435083280276,2.024697419089205,-0.49262631004784996,-0.5706208251643341,6.0,90
Sweet,-0.3378635148043274,-0.42253450645713897,-0.21589183387273003,2.0272158805533635,-0.47960645549728964,-0.5605253352660077,10.0,91
Not Sweet,-0.33054048053833196,-0.42190654366659625,-0.19395321205458244,2.0227964276037635,-0.501927621727557,-0.5804149766980718,7.0,92
Not Sweet,-0.32968277766602216,-0.42449963337025964,-0.2018197548798162,2.024112373260534,-0.49214487184170563,-0.5736325230987508,7.4,93
Sweet,-0.3369479490147004,-0.42260415861826645,-0.22281871185350038,2.027094365228086,-0.48115871421978207,-0.5632127531687221,8.2,94
Not Sweet,-0.33675954077563286,-0.42427182970830524,-0.20863092158218216,2.0252412361808556,-0.49109088966563696,-0.569237396388885,7.4,95
Sweet,-0.3410091811118364,-0.4238427574434982,-0.20697646541645195,2.0255498537007504,-0.48374105531515804,-0.5663406452097687,8.0,96
Not Sweet,-0.33579218683647183,-0.42515597000961924,-0.20768452501321807,2.024641046048797,-0.48985900372322244,-0.572010094121739,7.0,97
Not Sweet,-0.33133957141920434,-0.4221097472018883,-0.19743900066556935,2.0233603680332806,-0.4982170982912086,-0.5749931102351987,6.0,98
Not Sweet,-0.3413766400554309,-0.4239126821772923,-0.20654601037444464,2.0251320886187996,-0.4821920312903051,-0.5695610582688684,6.4,99
Sweet,-0.3349195590826351,-0.42121925253856085,-0.19955294280123662,2.024310450992371,-0.504683774529633,-0.5659157283781762,10.0,100
Not Sweet,-0.33157290823829305,-0.4214464874531813,-0.1945368155114448,2.023212458833463,-0.5040411114120187,-0.5713262099880769,7.6,101
Not Sweet,-0.3302876807521,-0.4218489951368259,-0.1961826619226082,2.023530696552247,-0.501294526252352,-0.5718332257681136,7.4,102
Not Sweet,-0.3326229767040574,-0.42446807335500825,-0.20456537430781535,2.0248095834201276,-0.4950280050574933,-0.5676648333524147,7.2,103
Not Sweet,-0.3269985880409896,-0.4223168503305761,-0.19755754901953765,2.0229296157123366,-0.5019317110073491,-0.5766987614433431,6.2,104
Sweet,-0.33024374157949105,-0.4245977307125147,-0.1937082417182993,2.0231024800227146,-0.4992393686945126,-0.5746574743670497,8.2,105
Not Sweet,-0.3326866089523873,-0.4242943706998145,-0.1919010689408586,2.0233701721179758,-0.4973993288104076,-0.5748387202031561,7.2,106
Not Sweet,-0.3319127006556567,-0.4235205563583595,-0.19822619858611612,2.0239111247722974,-0.49212112340545444,-0.5738195817645398,7.4,107
Sweet,-0.33044897889103275,-0.4222168635770327,-0.1963237521933939,2.023289185402673,-0.4965459937978219,-0.5764371563249825,8.6,108
Sweet,-0.3282128655434816,-0.4240966726825628,-0.19254019127113417,2.0225830381712435,-0.49817177975956756,-0.5806744297597808,8.0,109
Sweet,-0.32755503769419125,-0.423135897602844,-0.19518253418945555,2.0230539667982033,-0.4969730473886923,-0.5801738632037357,8.6,110
Sweet,-0.3293062148795509,-0.4245841374971619,-0.19394984762932074,2.023013122115983,-0.49557794298054514,-0.5800650442862407,9.0,111
Sweet,-0.3306608918963187,-0.4245431974490628,-0.1929868564859283,2.022814614713816,-0.49533616909321526,-0.5786734267102371,9.4,112
Not Sweet,-0.3260581773899849,-0.42363238670980563,-0.19092145001500976,2.022836283671319,-0.4958260130344616,-0.5818975422340137,7.6,113
Not Sweet,-0.32609446933739833,-0.4262933148979037,-0.19890496859938722,2.0231560744616175,-0.49358042947291236,-0.5801031661330323,7.4,114
Not Sweet,-0.3293102086076045,-0.4226121963036489,-0.19335552978811282,2.0226712646640017,-0.4986586811208231,-0.5797942151079479,7.8,115
Sweet,-0.32899684425586706,-0.42351476155115414,-0.19303633183839522,2.0231692025056316,-0.4973201449619416,-0.5771930462854777,8.2,116
Not Sweet,-0.330160543225011,-0.42389891811889613,-0.1930842059056841,2.022734765810772,-0.4957492950109575,-0.5793926851109941,7.2,117
Sweet,-0.32877201881609686,-0.42347074378876703,-0.19782890784957421,2.023413463790316,-0.49626921754341546,-0.5770688827566703,8.2,118
Not Sweet,-0.3292848901958594,-0.4240051066959241,-0.19233163205151455,2.02306646286949,-0.4962288604381487,-0.5788748505718455,7.6,119
Sweet,-0.33062947759521366,-0.4243404091009392,-0.19243034394371236,2.0222645253728273,-0.49890575376511215,-0.5804021405726293,9.0,120
Sweet,-0.32966240877437214,-0.4232144489472828,-0.19531438050413147,2.0230971149237993,-0.4955791641991272,-0.5778168005202337,8.6,121
Sweet,-0.3278158959126196,-0.42476568241673485,-0.19776474850667514,2.0225812871106217,-0.4923395201930636,-0.5859215623168361,8.6,122
Sweet,-0.32717309312933085,-0.4222281250233161,-0.19361353968869743,2.023182332883744,-0.4929867108963494,-0.5822333746760234,8.2,123
Sweet,-0.33096291907529185,-0.4236533798200521,-0.19551081632660045,2.0234907180749233,-0.4910795674656345,-0.5811516614031762,9.0,124
Sweet,-0.3267541686137148,-0.42387774242136445,-0.19392068766784695,2.022735578866604,-0.4916805851147976,-0.5849981465193647,8.0,125
Sweet,-0.3244300766869077,-0.4219993935062658,-0.1968566623692369,2.0227443165968886,-0.49423029414473296,-0.5841401225602034,8.2,126
Sweet,-0.3268259940832067,-0.42562856137478877,-0.20130788432928337,2.0232732033494107,-0.49171570996967906,-0.5823098839355134,9.2,127
Sweet,-0.3285161704084334,-0.4228507612535066,-0.19511701517944793,2.0227730301125524,-0.4925294645347866,-0.5834345938977193,9.0,128
Sweet,-0.32601873541261706,-0.42380019547199077,-0.19662667944595813,2.022598227994517,-0.49279422341839646,-0.5842041612459867,9.8,129
Sweet,-0.3304297906848949,-0.4239403622685205,-0.1966215270485399,2.023539507063693,-0.4925602377098703,-0.5802906595567606,9.4,130
