Class,730nm,760nm,810nm,860nm,900nm,940nm,Samle No.,Brix (%)
Average,-0.35079543611669517,-0.4259189601097241,-0.20804747474049176,2.026646643876204,-0.48782675171779544,-0.5540580211914978,1,5.8
Average,-0.35836339390627847,-0.4323795125567596,-0.2157733030337498,2.027935970148804,-0.4665960844199859,-0.5548236762320308,2,4.2
Average,-0.33517816485454516,-0.41798056559754315,-0.2215508549841326,2.02672318774389,-0.48799447562406173,-0.5640191266836073,3,3.6
Bland,-0.3381645762556513,-0.4227752070378777,-0.20802265920350627,2.0254347064931326,-0.4883623036492738,-0.5681099603468236,4,3.0
Bland,-0.3472913100892815,-0.4304128096712048,-0.21058716668843572,2.0266340188853205,-0.47755800941693693,-0.5607847230194616,5,2.6
Average,-0.3423453059167383,-0.4237580490783379,-0.20405501907868348,2.025297923927016,-0.48820646046032334,-0.5669330893929324,6,3.4
Average,-0.34523337795295267,-0.4289793048713057,-0.1965577089374197,2.0247814222955647,-0.488623856367188,-0.5653871741666993,7,4.4
Bland,-0.3415139296930954,-0.42678532366023314,-0.20086316015972333,2.0248232932067562,-0.4844876258290476,-0.5711732538646564,8,3.2
Bland,-0.3458239850110058,-0.41895043855038255,-0.19247741412582872,2.023985454026594,-0.4990060438046177,-0.567727572534759,9,2.0
Bland,-0.3370656708638762,-0.42615326793658936,-0.19875502710909715,2.024221480191375,-0.4885851083388682,-0.5736624059429444,10,3.0
Average,-0.3442388649351633,-0.4291939663321822,-0.19639909668565,2.024424450231348,-0.48069964518878616,-0.5738928770895665,11,4.0
Bland,-0.3454454740341627,-0.41935796839784617,-0.2119797368054871,2.0263644895042594,-0.4866632224902404,-0.5629180877765226,12,2.2
Bland,-0.31480024866961054,-0.4268078273279007,-0.21805857965169204,2.0249125170031808,-0.49054405398434797,-0.5747018073696296,13,3.2
Average,-0.34293776201472476,-0.4271944130501596,-0.20410597020015273,2.025744119502982,-0.4960230935624971,-0.5554828806754477,14,6.4
Average,-0.3426713061245249,-0.4276171931652175,-0.1918417759164792,2.0239381503988914,-0.4930025752794411,-0.5688052999132289,15,6.0
Average,-0.3794992063768531,-0.4289889248382735,-0.2402099683752793,2.0318143190351,-0.4546809601923992,-0.5284352592522946,16,5.6
Average,-0.3344052890308072,-0.42498500875232315,-0.19379130312111129,2.0234628392929714,-0.4973719204108294,-0.5729093179779002,17,6.6
Average,-0.3413016606021991,-0.42240760316520887,-0.1926808284728494,2.02376489504948,-0.4970114124828869,-0.570363390326336,18,6.2
Average,-0.3226688020647871,-0.42243402458648777,-0.2102204826104273,2.024541724462248,-0.4968038908695551,-0.5724145243309914,19,6.4
Average,-0.3383166641116552,-0.42497890673843813,-0.205587240160672,2.025256756627421,-0.48919489963305873,-0.5671790459835966,20,7.0
Average,-0.3381814543579104,-0.4286351240477882,-0.19457229375185545,2.0239596723621065,-0.4918788727670114,-0.5706919274375413,21,7.0
Average,-0.3288036973171965,-0.41953222002262225,-0.19403734426040084,2.022775271171249,-0.5016244236686904,-0.5787775859023382,22,6.8
Average,-0.3431438370882333,-0.4204481092871261,-0.19720393209245887,2.024380541228086,-0.4939534591707093,-0.5696312035895589,23,7.0
Average,-0.3493843235754026,-0.4245937105581969,-0.1990060189119195,2.0252022059757593,-0.4872382386560065,-0.5649799142742337,24,7.2
Average,-0.33424573283421255,-0.42269791530171474,-0.189135868987818,2.0226621040711334,-0.4985618016615742,-0.5780207852858139,25,7.8
Average,-0.3357648707156443,-0.4185882604733472,-0.19687910758237104,2.023622421620947,-0.4960305588016892,-0.5763596240478954,26,6.8
Average,-0.3281381176709913,-0.41668998326233325,-0.18219519163946934,2.0209783000334753,-0.5097103778464872,-0.5842446296141941,27,8.0
Average,-0.3272576357853871,-0.41885958534599727,-0.2071187860236195,2.024382767291494,-0.49844107150936834,-0.5727056886271222,28,7.8
Average,-0.33116724232821004,-0.41710685723673896,-0.20583202233619635,2.0245177148447646,-0.5004147131206603,-0.5699968798229592,29,6.6
Average,-0.33753397952244985,-0.4293537003736528,-0.1981693302122637,2.0243940822218924,-0.4897547984820552,-0.5695822736314705,30,7.0
Average,-0.33560655310426823,-0.416658225202433,-0.21405784277215287,2.0258175524656648,-0.49272116330433474,-0.5667737680824761,31,7.2
Bland,-0.32976129048516534,-0.41690799054377087,-0.21258880744474082,2.025239486635861,-0.497649018132471,-0.568332380029713,32,3.0
Average,-0.34843888269838974,-0.4232066840561781,-0.20001907317070408,2.0252669876722003,-0.48983163899501664,-0.5637707087519119,33,6.2
Average,-0.3754290536019972,-0.43476838686798025,-0.24205400942614164,2.0318672741299015,-0.4502406858572788,-0.5293751383765039,34,3.4
Average,-0.3741387610536624,-0.43041758746772063,-0.22031506751410546,2.0293539883345684,-0.46069655178858004,-0.5437860205105001,35,3.6
Average,-0.37842528283683985,-0.42998817802614553,-0.22979914160119752,2.0306345022545615,-0.4564005790820237,-0.5360213207083551,36,4.0
Average,-0.3779923172748814,-0.4298722953064319,-0.23308609824910384,2.0309067334442155,-0.4536629698060353,-0.536293052807763,37,4.0
Average,-0.37129045895040735,-0.42637325049880753,-0.21741369742280808,2.028875512476428,-0.4691407031667188,-0.5446574024376861,38,3.6
Average,-0.38391663204168086,-0.4256001915903898,-0.22128281400914876,2.0300192968998774,-0.4656384941108223,-0.533581165147836,39,4.6
Average,-0.38280461881792127,-0.42615995060745965,-0.24282988240789255,2.0320700002986487,-0.45074610667224,-0.529529441793135,40,4.0
Average,-0.3791503801274636,-0.4331657841682945,-0.21329787344466603,2.0288266052569424,-0.45823989211047866,-0.5449726754060396,41,3.4
Average,-0.37223480530871966,-0.4265284237377725,-0.23397529699319786,2.030572181122246,-0.45584172160852776,-0.5419919334740277,42,3.6
Average,-0.3761698378979399,-0.4326476083044862,-0.23497812793788722,2.0310040246193877,-0.44984368875828284,-0.5373647617207913,43,4.2
Average,-0.37401186377623347,-0.42757913988122903,-0.236023236355028,2.03074034606913,-0.448980743421844,-0.5441453626347956,44,4.0
Average,-0.3801278944888651,-0.43767156521633144,-0.23057940457377382,2.0307090417294202,-0.4436570783879422,-0.5386730990625083,45,4.8
Average,-0.37746270577466484,-0.43157607948781124,-0.21227990683425593,2.028625137426467,-0.46153345938399515,-0.5457729859457396,46,4.0
Average,-0.3766019097483604,-0.43029528799003847,-0.2543462089504584,2.032916334473566,-0.44399144963919185,-0.5276814781455167,47,4.2
Average,-0.38137911231644434,-0.4302552472312634,-0.22430735590151027,2.0301899235359273,-0.45724472504538444,-0.537003483041325,48,3.8
Bland,-0.36984808888905335,-0.42494247272572067,-0.2251835850455358,2.029872056923505,-0.47665428258482506,-0.5332436276783701,49,2.0
Bland,-0.37042818530358484,-0.43058691066608273,-0.2285970684144602,2.030206026103171,-0.46294250858113317,-0.5376513531379095,50,2.4
Bland,-0.3723044105812711,-0.436031769531071,-0.2172047704783077,2.0289184759251593,-0.4558935752611144,-0.5474839500733953,51,3.0
Bland,-0.3674940409383369,-0.42803625575673904,-0.22659165690180064,2.029721815259291,-0.4651351748864834,-0.542464686775931,52,2.6
Average,-0.379461260846985,-0.4355258432992835,-0.21700268253569463,2.0293450367156387,-0.45603843131015764,-0.5413168187235182,53,5.2
Average,-0.3729568388360875,-0.4318866696498135,-0.23127776682048776,2.030578361780009,-0.45743681186754626,-0.5370202746060737,54,4.0
Average,-0.37290182488438106,-0.43115501151388014,-0.21945354521016844,2.0291949488026595,-0.46067083622747934,-0.5450137309667517,55,4.2
Bland,-0.3758091408958401,-0.4339644437144684,-0.21921309079546408,2.0294303402545846,-0.45925414503103895,-0.5411895198177735,56,3.2
Average,-0.37520441949817174,-0.4372798382331204,-0.22565093379348816,2.0299199166856488,-0.4474346281425723,-0.5443500970182963,57,4.8
Average,-0.37597072157161787,-0.43752436546493617,-0.21825408747131636,2.029254090187925,-0.4529081097689418,-0.5445968059111127,58,5.6
Average,-0.374132441802402,-0.42944280961042375,-0.22497422652708024,2.029745483842229,-0.45628696387447315,-0.5449090420278502,59,5.0
Average,-0.36916959613699546,-0.42473203837116175,-0.22809745995077318,2.029989218718412,-0.4692835350974928,-0.5387065891619884,60,4.2
Bland,-0.3404191660830526,-0.41583440907973335,-0.2077556071457073,2.0255318275837952,-0.5004315063090014,-0.5610911389663014,61,1.0
Bland,-0.3300702469012739,-0.427034263617497,-0.1983804493827718,2.0238171828231435,-0.49649843066296684,-0.5718337922586336,62,3.2
Bland,-0.32368169481769793,-0.4252692177816488,-0.21329593996578397,2.0250345641749625,-0.49042283700058575,-0.572364874609245,63,3.0
Average,-0.3264084503661647,-0.4201459888534151,-0.20761151675788908,2.0243282972552983,-0.49443909714189205,-0.5757232441359365,64,3.6
Bland,-0.32858636468976865,-0.4160744325455186,-0.21094947342609557,2.024822950417879,-0.49654369829793965,-0.5726689814585562,65,3.2
Average,-0.32508556095600466,-0.4178355498818447,-0.2105056065867338,2.0245877859222055,-0.49835486655470246,-0.5728062019429196,66,4.0
Average,-0.3326397738951226,-0.43095702981835726,-0.20772581965753273,2.0251172091794873,-0.481424346737292,-0.5723702390711826,67,4.2
Bland,-0.3289056299030183,-0.41621006059605875,-0.19059270534550835,2.022181407742436,-0.5055851836917309,-0.5808878282061195,68,3.0
Average,-0.32772462607771885,-0.42076551306999216,-0.20833044403266546,2.0244956055360013,-0.49138786426117426,-0.576287158094451,69,3.6
Average,-0.331136251496672,-0.42113435510285546,-0.20615335592367076,2.0246609273472003,-0.49561562629897055,-0.5706213385250317,70,4.0
Average,-0.3362239642245467,-0.430092965121596,-0.19305557139370555,2.02361259531115,-0.49093990498744994,-0.5733001895838519,71,3.8
Average,-0.3284822491028606,-0.4262105470447878,-0.19998710175600426,2.0237862358187324,-0.49427767039519016,-0.5748286675198897,72,3.6
Average,-0.33461294810381054,-0.42350293282089774,-0.19447036297313333,2.0236468414362183,-0.5029053227227906,-0.5681552748155861,73,4.2
Average,-0.33284754178618636,-0.41645953246863726,-0.19708280447848972,2.023476264427006,-0.5037681579872835,-0.5733182277064094,74,8.0
Average,-0.3399838742930587,-0.42053886727603457,-0.21178149522756995,2.026125808633494,-0.4933632110061222,-0.5604583608307084,75,8.0
Average,-0.3290187903732886,-0.4280248499574653,-0.18744509062588563,2.02219485271742,-0.4975708818967061,-0.5801352398640742,76,7.2
Average,-0.3297474136212694,-0.426351605163941,-0.20188757612159247,2.0241096506424907,-0.49181049283660455,-0.5743125628990832,77,8.0
Sweet,-0.32456383774956865,-0.42942939042383016,-0.1966977545888515,2.0230230154307502,-0.49150847442255835,-0.5808235582459416,78,9.0
Sweet,-0.32504012080071326,-0.416686387348789,-0.21279240980448672,2.0248026563211794,-0.4973177535578223,-0.5729659848093681,79,9.0
Sweet,-0.3354830188484908,-0.42138715426867296,-0.2167833847654912,2.0263269365026466,-0.4887368239681202,-0.5639365546518715,80,9.2
Sweet,-0.32830649325666655,-0.42301689622466976,-0.2098494192573128,2.02494182202096,-0.4928772390365851,-0.5708917742457258,81,8.6
Sweet,-0.34382422121133,-0.41979251618071656,-0.21997844075378675,2.0271847878083933,-0.4821032865242772,-0.5614863231382827,82,8.4
Sweet,-0.3381856923217616,-0.4291001156113619,-0.19233206099961006,2.0235780074485574,-0.489328186544302,-0.5746319519715222,83,8.8
Sweet,-0.32329386015706574,-0.413575826594121,-0.21166058741805904,2.024366765878454,-0.5000828779048063,-0.5757536138044024,84,9.2
Sweet,-0.32891637636876625,-0.42389429249213784,-0.1888678081259183,2.0220034081534357,-0.4932165596459418,-0.5871083715206709,85,10.0
Sweet,-0.332986673034006,-0.41812715858709715,-0.21357546011338374,2.0256904253302155,-0.4959196786458687,-0.565081454949859,86,8.8
Sweet,-0.3094419252119951,-0.4207669035133859,-0.207793720272432,2.0227212686548945,-0.4959158641155939,-0.5888028555414878,87,8.4
Sweet,-0.32024292793721426,-0.42217377815647267,-0.17872893421199168,2.0199043320319325,-0.5068299960715462,-0.591928695654708,88,8.4
Average,-0.326301920108286,-0.42335085326540184,-0.20063107144820805,2.0236192492024117,-0.4980091051401106,-0.5753262992404046,89,8.0
Average,-0.315703962895114,-0.41769882902548,-0.22004452936340713,2.0248335445806873,-0.4935386448260579,-0.5778475784706282,90,7.4
Sweet,-0.32758280770753556,-0.4216972790179341,-0.2191489518993079,2.0260331297513,-0.49164564496306074,-0.5659584461634624,91,9.4
Sweet,-0.3301725282901829,-0.41117254673089043,-0.21655745080984248,2.0255399731913037,-0.499987773522727,-0.5676496738376616,92,10.0
Sweet,-0.3466817213015401,-0.4199029009023006,-0.255867843060512,2.031320649359858,-0.46665911447689085,-0.5422090696186148,93,8.8
Sweet,-0.3215836543466208,-0.42339293714517706,-0.2093252082479194,2.0243274460691665,-0.4954762551907178,-0.5745493911387315,94,9.8
Average,-0.32588730830208784,-0.4220823424915601,-0.22735451846451704,2.0268748236505787,-0.4880066811183777,-0.5635439732740356,95,7.6
Average,-0.3640879679925746,-0.4225917856482258,-0.2552821487834885,2.0324136601185376,-0.4599800934116806,-0.5304716642825679,96,4.2
Average,-0.36055522016968583,-0.4235223328202398,-0.21975461744528374,2.028557849440036,-0.4787595078845983,-0.5459661711202282,97,5.6
Average,-0.36373337150135204,-0.4316762636244612,-0.21971225165950303,2.0288685344714947,-0.46858820052997585,-0.545158447156203,98,6.8
Average,-0.37590645651637966,-0.4277056314625313,-0.23719561470447362,2.031319008389661,-0.45860028545372755,-0.5319110202525489,99,6.6
Average,-0.3626909510506473,-0.42429988085217313,-0.21293028278793127,2.0278235839065877,-0.4770368116211219,-0.5508656575947134,100,8.0
Sweet,-0.37051538662394967,-0.4281103415141865,-0.21197820944029977,2.0283121481275512,-0.4728683349295175,-0.5448398756195983,101,8.4
Sweet,-0.3797854625028648,-0.4292816143426602,-0.25930889852280475,2.033588590376249,-0.44427262641238324,-0.5209399885955367,102,8.4
Average,-0.3719731202675961,-0.4357400454806569,-0.22648365141905352,2.029907901017189,-0.4518914345147442,-0.5438196493351383,103,8.0
Average,-0.36629678273236305,-0.43185980727403495,-0.2150323627654152,2.0284890747407736,-0.4695727606146703,-0.5457273613542895,104,7.8
Average,-0.36052611257668976,-0.4256546909921251,-0.22281494490002798,2.0288854638428107,-0.4730073066008437,-0.5468824087731248,105,7.2
Average,-0.3615696753352569,-0.42352247337898874,-0.2302341367016639,2.0297210681935267,-0.47098741771964103,-0.5434073650579763,106,7.6
Bland,-0.3699219210169528,-0.4322447228482187,-0.21383542265395575,2.02866991773055,-0.47207782836784096,-0.5405900228435822,107,2.4
Average,-0.36532268748345914,-0.42778154233622717,-0.2220878484759145,2.0291699071980034,-0.47084169758134886,-0.5431361313210532,108,6.6
Average,-0.3653272002551024,-0.42348137989934875,-0.226719915085884,2.029676543033038,-0.4757480205098451,-0.5384000272828583,109,8.0
Sweet,-0.3659167971229834,-0.42838881179687033,-0.21701819617612558,2.028554130140847,-0.46936978042433425,-0.5478605446205331,110,8.8
Sweet,-0.36600028254343786,-0.4277771902470194,-0.233260807680795,2.0302728899655254,-0.4604346888147849,-0.5427999206794879,111,8.6
Sweet,-0.35823700587925117,-0.4270368991457416,-0.2154484301386247,2.027770085527321,-0.4709642240178078,-0.5560835263458952,112,9.0
Sweet,-0.3702679848152283,-0.4337685907568709,-0.20642907888965367,2.027528153012122,-0.46350353421584073,-0.5535589643345283,113,9.8
Sweet,-0.3559172142344355,-0.4266839806829681,-0.22103305483083235,2.0282593559495554,-0.46962890994342693,-0.5549961962578922,114,8.6
Sweet,-0.36055614880652676,-0.4279458893492548,-0.2123668839322146,2.0275313961773613,-0.46939716359801803,-0.5572653104913472,115,8.6
Sweet,-0.3598424351392627,-0.4287728201105561,-0.21944574133606984,2.0284439600729485,-0.46935484394603794,-0.5510281195410217,116,8.2
Sweet,-0.35478757947660056,-0.43149796182675654,-0.20297786427018027,2.0260844798633215,-0.47248679918690284,-0.5643342751028817,117,8.8
Average,-0.38113394026079545,-0.4334946912272017,-0.22442221277708665,2.030257568182175,-0.4552129872318606,-0.5359937366852303,118,7.8
Average,-0.3642983564810059,-0.4224663671737394,-0.2117049083647908,2.027662798163309,-0.47616353627270924,-0.5530296298710634,119,7.8
Average,-0.35589858023060317,-0.4256408696103135,-0.2068039717746284,2.0266718789200926,-0.4808479753402918,-0.5574804819642558,120,7.4
Average,-0.36130448922440983,-0.42887694541853044,-0.22850383721800596,2.029557841251719,-0.4649830934015198,-0.5458894759892532,121,7.8
Average,-0.33875870641841804,-0.4233255226299068,-0.1939302893235914,2.0239473595859616,-0.5037514197633333,-0.5641814214507123,122,3.6
Average,-0.3320758239235778,-0.41627478137853186,-0.20116963791502313,2.0237417493446985,-0.4954866003358171,-0.5787349057917485,123,6.8
Sweet,-0.3395633240562486,-0.4299642312317946,-0.19082991501195776,2.0236691753128357,-0.4938495684145598,-0.5694621365982747,124,8.2
Average,-0.3312461463916712,-0.43356861036275296,-0.19550780947682111,2.0235345959880067,-0.48595091783400646,-0.5772611119227546,125,6.4
Average,-0.33932946996310304,-0.4223817451957505,-0.20865829767404298,2.025486424849051,-0.4846645130051425,-0.5704523990110121,126,7.0
Average,-0.3173447699105747,-0.42091545710997236,-0.21293189971956847,2.0241955360479054,-0.4932191752177228,-0.5797842340900669,127,7.2
Average,-0.33879911084517866,-0.41848709364125397,-0.21398803037071032,2.026156085027826,-0.4914097025191566,-0.5634721476515265,128,6.6
Average,-0.3334217527133152,-0.42259044772160037,-0.19835873349163993,2.023820293854393,-0.49477776132355855,-0.5746715986042789,129,7.4
Sweet,-0.3268521209788108,-0.4178831216949678,-0.19717251032878155,2.022699711122532,-0.4940567999499124,-0.5867351581700592,130,8.8
Average,-0.34288569355271625,-0.42498842637817136,-0.19162689233513014,2.0237158701907147,-0.4909320870702948,-0.5732827708544024,131,7.6
Average,-0.3350730016885926,-0.4245864838550564,-0.18955270684865083,2.022924274640237,-0.4989698042957052,-0.5747422779522323,132,8.0
Sweet,-0.3431773382550406,-0.42288454472194165,-0.201432160968693,2.025115510985775,-0.49382041869022764,-0.5638010483498721,133,8.6
Sweet,-0.33216796257821163,-0.42272234395027597,-0.21326381771298475,2.025724950234238,-0.4920484519129425,-0.5655223740798231,134,8.6
Sweet,-0.3220691621636461,-0.41724093599395595,-0.2088321682367933,2.02406756512409,-0.49979558756437953,-0.5761297111653148,135,8.2
Average,-0.32460286840100033,-0.4176528008514765,-0.22707608382494307,2.026584712580105,-0.4918973328138787,-0.5653556266888066,136,6.6
Average,-0.3307340754136255,-0.4233587638736895,-0.21441679721033155,2.025654540199297,-0.4876226316773093,-0.569522272024342,137,7.6
Average,-0.3361805980770675,-0.4236438541180104,-0.19162148615215754,2.023092003612685,-0.49295231588822974,-0.5786937493772196,138,7.4
Average,-0.34040406171311394,-0.42411244121334046,-0.20926143708212208,2.0257583827459444,-0.4845480223972142,-0.5674324203401536,139,7.0
Average,-0.35711444821540367,-0.4199819741156229,-0.24149087781640124,2.0304078935539662,-0.4651678286988553,-0.5466527647076834,140,7.8
Average,-0.32895145475940135,-0.4160751190481629,-0.2047533537912361,2.0239658196952726,-0.49602473968572525,-0.5781611524107471,141,7.4
Average,-0.3944842283179928,-0.4327051677908847,-0.22703499276431033,2.031175905815222,-0.451659662507627,-0.5252918544344074,142,5.0
Average,-0.40370483159154286,-0.43808347376811235,-0.21161636318841617,2.0300175449119164,-0.4531908718204127,-0.5234220045434325,143,7.2
Sweet,-0.39615614684803385,-0.4323290616317278,-0.23512492089057738,2.031769241610265,-0.43871504962426255,-0.5294440626156633,144,8.8
Average,-0.4090516680349683,-0.44021714014069674,-0.22965278184558002,2.0317332983928225,-0.43014609526087216,-0.5226656131107058,145,8.0
Sweet,-0.41294557280285493,-0.43670836141493014,-0.24091735689237814,2.0329407815821496,-0.4273541713477767,-0.51501531912421,146,8.4
Sweet,-0.3893853796310949,-0.4350046083230723,-0.2479386302916316,2.032877370340797,-0.4369206157895618,-0.5236281363054358,147,8.2
Sweet,-0.39784619988452224,-0.43826657521804924,-0.21983620798947637,2.0302636387954185,-0.43869143898697444,-0.5356232167163962,148,9.6
Sweet,-0.383920970793343,-0.4322950841254211,-0.22991514479525518,2.030617212778078,-0.44298828680958274,-0.5414977262544765,149,8.4
Sweet,-0.3849100234083492,-0.43395923977075573,-0.2253625845426222,2.0302029025703967,-0.4432760138445507,-0.5426950410041191,150,9.0
Sweet,-0.3952832373504699,-0.4369409383936306,-0.21948028227501915,2.0302197867662715,-0.44385019007667953,-0.5346651386704717,151,8.4
Average,-0.385362586932092,-0.4365199411335146,-0.24548275400742722,2.032233101711959,-0.43130710330109734,-0.5335607163378275,152,6.8
Average,-0.38417515862115054,-0.4339713400550878,-0.23064148848724333,2.0307215649854173,-0.441187389689612,-0.5407461881323234,153,8.0
Sweet,-0.3816247505318397,-0.4338832440244091,-0.2388331392392397,2.0315000848990348,-0.44033940335127564,-0.5368195477522704,154,8.6
Sweet,-0.3812186016520707,-0.43761286259555876,-0.2297940490116818,2.0305451808907193,-0.44014051266239623,-0.541779154969012,155,9.4
Sweet,-0.37930471573006974,-0.43045381817035583,-0.22594183659349418,2.030077280213886,-0.4514651206009367,-0.5429117891190294,156,9.0
Sweet,-0.3887960963037144,-0.43789440992339984,-0.2186726221250574,2.029938184938983,-0.44798566665109585,-0.5365893899357154,157,9.0
Sweet,-0.38735508639030275,-0.4474287052703077,-0.20555677417666657,2.028057869732665,-0.4359857561069087,-0.5517315477884795,158,8.8
Sweet,-0.3799278326601047,-0.43768315817755865,-0.22876403207384885,2.0304340682582627,-0.4424981955205034,-0.5415608498262471,159,9.0
Sweet,-0.3844475064403814,-0.4405467044528458,-0.22848775467681193,2.0306332605605335,-0.4384343650786839,-0.5387169299118099,160,9.0
Sweet,-0.37944988256090517,-0.4320729979722837,-0.23480963599923801,2.0312301710681147,-0.45190599141913096,-0.5329916631165572,161,9.2
Average,-0.39277004935851284,-0.4332442408007867,-0.22927862894869644,2.031493746088181,-0.4563863885683063,-0.5198144384118786,162,6.6
Average,-0.395832684594597,-0.43524784750829965,-0.2390590507299837,2.0323623664634867,-0.44053161837997573,-0.5216911652506308,163,7.0
Sweet,-0.39474631838578933,-0.43102139202320894,-0.25000440197344753,2.033282839096876,-0.4384986677607658,-0.519012058953664,164,8.2
Average,-0.3900435932465948,-0.43395486710599135,-0.2443519653698478,2.032599289605373,-0.440330426102331,-0.5239184377806075,165,7.8
Average,-0.40677319285428654,-0.43526713226628244,-0.22969387178181164,2.0315005348231683,-0.43115595007844754,-0.5286103878423403,166,7.4
Average,-0.39735639140360235,-0.43588290001006996,-0.2582832573261665,2.034312141926431,-0.43567536648356237,-0.5071142267030302,167,5.0
Average,-0.397732400265966,-0.4309764557702181,-0.24408231085470028,2.0330244278644516,-0.4463544042220796,-0.5138788567514878,168,3.8
Bland,-0.39393798557574505,-0.4293355276787773,-0.2589353201291843,2.033939964179791,-0.43327144824542707,-0.5184596825506573,169,2.8
Average,-0.4055956248723475,-0.44072451886699,-0.26643290815160536,2.0350180522759866,-0.41822122864888217,-0.5040437717361623,170,4.8
Average,-0.393716328430687,-0.4368077400046369,-0.2404564030227846,2.032253699784609,-0.4343280879094892,-0.5269451404170106,171,4.0
Average,-0.4240647000179565,-0.44042635887005166,-0.22857226379647985,2.0320115396939986,-0.4243869802315041,-0.5145612367780061,172,4.6
Average,-0.3960747804121379,-0.4339604308705419,-0.2261907602072796,2.031084689225697,-0.4476733644943582,-0.5271853532413793,173,4.0
Average,-0.41231248690858047,-0.4334592439418458,-0.24739620066430967,2.033558564230418,-0.42909232575551043,-0.5112983069601719,174,3.8
Average,-0.4317545251722186,-0.43842907787415736,-0.2563537403318585,2.0345654180442017,-0.40964737759041187,-0.49838069707555493,175,4.0
Average,-0.3943016845617358,-0.4349297762383817,-0.25576698205703075,2.033784038319416,-0.4321378892513429,-0.5166477062109246,176,3.4
Average,-0.3972885641928819,-0.4342989874405147,-0.2484296419297547,2.033066774692365,-0.43006708465345195,-0.5229824964757617,177,4.6
Average,-0.39039647099072927,-0.4382336333659201,-0.24283486955220668,2.0323756612078907,-0.4338313079946674,-0.5270793793043671,178,4.2
Average,-0.39168257302322745,-0.43833911395322467,-0.244980743469055,2.032734494683512,-0.4353164099224439,-0.5224156543155611,179,4.2
Average,-0.41022353148882057,-0.43830832668132974,-0.24842072553289654,2.0335843376716523,-0.42481398963583317,-0.5118177643327718,180,4.4
Average,-0.39852700070826325,-0.43932863813615447,-0.2588155056816355,2.033943377921181,-0.4185570437104401,-0.5187151896846872,181,4.4
Sweet,-0.3377280237008542,-0.41485200929491645,-0.19606148925871464,2.023631509097076,-0.5020600932216729,-0.5729298936209177,182,11.6
Sweet,-0.3282988444073381,-0.42897175477091554,-0.19201440891658234,2.022837823093428,-0.4967583659122657,-0.5767944490863266,183,11.0
Average,-0.33898007418594733,-0.4244756239448494,-0.1907604004959522,2.0233600187731886,-0.495820850274543,-0.573323069871897,184,4.6
Average,-0.3365565717376521,-0.42309536974279927,-0.1994493181564941,2.024330645982971,-0.49608686422086684,-0.5691425221251588,185,4.0
Sweet,-0.3202669500374195,-0.41790327737982375,-0.2257954839883212,2.0259005761321767,-0.48809344231244617,-0.5738414224141657,186,9.8
Sweet,-0.3264139259237507,-0.42399158093189704,-0.21113680333129478,2.0250928925385416,-0.49617195902396427,-0.5673786233276348,187,8.6
Sweet,-0.33045283167982364,-0.4155856378025825,-0.1937310917633652,2.0228290111486245,-0.5082756017881037,-0.5747838481147495,188,11.6
Average,-0.3176661685469422,-0.4216949958373712,-0.19936335344331305,2.0225742969567047,-0.5010358287947169,-0.5828139503343615,189,7.0
Sweet,-0.3381918503589293,-0.42653921737414285,-0.2162748799049923,2.0265668691819276,-0.4818925094960762,-0.563668412047786,190,9.0
Average,-0.33357342160365916,-0.4260145560140676,-0.19255352870577913,2.0232768929835507,-0.49782769407285016,-0.5733076925871954,191,7.2
Average,-0.33315128347556283,-0.4372236528880564,-0.179578236337201,2.0215386410068774,-0.4866441243988361,-0.5849413439072209,192,4.6
Average,-0.3332955579431999,-0.4214756534690433,-0.22347660058234822,2.0270311632552884,-0.4890224953215455,-0.559760855939152,193,6.0
Sweet,-0.37035684935906127,-0.4183062185236456,-0.2274195344576512,2.0299313154724734,-0.47890369518277787,-0.534945017949337,194,9.6
Average,-0.3378759456754307,-0.42892404335097223,-0.1999950678767842,2.0243537376135965,-0.48059870819227873,-0.5769599725181309,195,5.8
Sweet,-0.3267325892853983,-0.4252422304137435,-0.19533969126467451,2.0227746552952097,-0.49118601528987244,-0.584274129041521,196,9.4
Average,-0.32163188591113795,-0.4281850867159393,-0.19368193154932842,2.0223753443305625,-0.4963769210104314,-0.5824995191437258,197,8.0
Average,-0.3318285304484892,-0.41792297853281507,-0.21648455123341592,2.025873008052425,-0.49248233790333795,-0.567154609934367,198,7.0
Average,-0.33337562694671463,-0.42093819492400414,-0.2061078886122195,2.0248797264234346,-0.4967471440593318,-0.5677108718811648,199,6.2
Average,-0.35126157290566434,-0.4291233391044197,-0.2150572963030759,2.0276616303390744,-0.4839486181408689,-0.5482708038850455,200,6.8
